"PA7";"PA8";"PA3";"PA5";"PA22";"PA19";"PA9";"PA6";"PA15";"PA21";"PA16";"PA2";"PA11";"PA10";"PA1";"PA20";"PA4";"PA24";"PA14";"PA23";"PA18";"PA12";"PA13";"PA17"
"Dance";0,00426510576026111;-0,13628011501711;0,0678480012692979;0,0869128152803233;-0,0708523693239122;0,0316767804707589;0,103025929516155;-0,0745298223302414;0,0757431774939543;0,0071499181422471;0,1369845215364;-0,0171554873637591;0,0973519616010413;0,0874481122636943;-0,0155942237469843;0,54717351751925;0,050115079679778;0,0297558933204237;0,068235338938288;-0,015613373221595;-0,0331506235087621;0,0637495790870991;0,0670009850338746;-0,0303481777827907
"Folk";0,0322446236231025;-0,000272742154383275;-0,0606943237728657;0,112615061736823;0,315773896690791;-0,169835049097722;0,167506871660047;-0,0706591271466744;0,0319314948833516;0,0250576681014773;0,0514281983082282;-0,00317673056746149;-0,039903712375211;-0,035064751574212;0,0190925577646265;0,10264018401109;-0,0766008421071047;0,154142083582957;-0,0280282415897886;-0,0309830457122929;-0,0115572833216621;0,198843652301565;0,0540181783679937;0,0548161579878851
"Classical.music";0,0263043091072706;0,0128763686338706;-0,0561202559391606;-0,0490236277192081;0,639937343245981;0,0125254133407629;0,0550289253904221;0,0867779899911331;0,046667021100244;-0,00185584911729658;-0,101701932471969;0,0226100490147026;0,0438865896876735;-0,016586352493985;0,00560104075969163;-0,0232928051470891;0,02487601956597;0,118762669857333;0,0263973166947036;-0,00588598479254913;0,0770793128184378;0,106903207145151;-0,0104054237288666;-0,0456739306087626
"Musical";0,0552668031584621;0,0116378233048422;0,0607343929561245;-0,0214770405711003;0,479759935738696;-0,0177047828924709;-0,0170885974105148;-0,0167477994259876;0,0327135359955745;-0,00978231065530486;0,000596513631056429;0,0246827187537681;-0,011049323307917;-0,0363608893613822;0,169422491727969;0,204200949567306;-0,0206101587115252;-0,198180565720002;-0,0544330719321096;0,102621438280966;0,0144407731117217;0,0413721606467225;-0,120957838781363;0,12806919782183
"Pop";0,0264686415495417;-0,0150276032814533;0,134665108454056;-0,0210010358307201;0,0416463345089655;0,00395427068885517;0,06306518496426;-0,00891259269078631;-0,0526746010352309;0,0121644444890175;-0,0488010568368588;0,070071801852888;0,00889052632181139;0,00682287827757731;-0,0614644570816448;0,569985069056804;0,0706714409680291;-0,0969748864021781;-0,0149097874949704;0,101433307376259;0,0118720611887493;-0,094077916422948;0,00234561196193621;0,0088237695494444
"Rock";0,0386251926995862;0,775579687614041;-0,0314787342359992;-0,0352541411994523;-0,0144120486560708;0,060142980887622;-0,0131801967395176;0,0153582491639516;-0,0289505592570982;-0,0203387205636278;-0,0791270705025854;0,00596409872739537;-0,0287121664483335;-0,0390204881043107;0,0290889896763665;0,0742818216627364;-0,00509329734420928;-0,00627598065479902;-0,0305903424877286;0,0446530314362018;0,00294964963389483;0,066866032532719;-0,0358209738364829;0,000529010121066415
"Metal.or.Hardrock";0,0204069949868805;0,659561974538327;-0,0773767593126292;-0,000736091097405111;0,0302162880286808;-0,033173209479657;-0,0260801751116976;-0,00886778255999396;0,0812607457872902;-0,0366549985092812;0,0848764693801639;-0,0275153039844326;-0,0463278259815515;0,0232371937008726;-0,0193890834565748;-0,153415453746119;-0,00970935579342495;0,000645916121540155;-0,0575003337199196;-0,0166473561155515;-0,0446568018187488;-0,0500464992010445;0,0215763081084699;-0,0111002033308719
"Punk";-0,0234805068993651;0,732368513033397;0,0629835903073873;0,0418977938139279;-0,048603087890424;-0,0440982038511333;0,0320570903036034;-0,0152014444276707;0,0102063829137224;0,0799327000109564;0,0760014797201258;0,0440649350329975;0,105378175770533;0,0493200356010487;-0,0122205819972713;-0,0723813454535527;-0,00973134398715667;-0,00807418536319165;0,0451658113718807;-0,04090961343482;0,0231444477022041;-0,0535418180095114;0,0324176375637878;-0,0159948533858871
"Swing..Jazz";-0,0405932142084828;0,120688329715574;-0,0629553913279303;0,00363545779198685;0,223573571312619;0,0247232934929999;-0,0249638821410891;0,0610697146541919;0,0229228301645676;0,0445721244041979;0,00436384435151919;-0,0265715505782338;-0,0129582642311487;-0,0363568665186477;0,0800947742979806;0,124748223640679;0,00818078735350795;0,130338337625259;-0,00368022896631438;0,0359594255030144;0,0566641295446821;0,400596603864511;0,0101854031364673;-0,0392807557704063
"Rock.n.roll";0,0252454918375275;0,442220168527768;-0,0634231617955232;-0,0525009462648886;0,0949036218404139;0,0282553817533518;-0,0380612543142384;0,0221207812161616;-0,0115180062255736;0,00729849493817187;0,0161350100874178;-0,0356165599801774;-0,0537786459215197;0,04254894698723;-0,0259048565765587;0,109893211247376;0,0200424772376018;-0,00224654228018019;0,0557700779972163;0,0167320685723346;-0,0107763076221933;0,428810290503911;-0,0757073762602684;0,0759673281241871
"Alternative";-0,0415288640512123;0,315685491420341;0,00275892795491262;-0,00171927947497439;0,0288059574378136;0,0325437281335909;0,0121449411560422;-0,00832207952896552;0,0289593619702126;0,00215590478595229;-0,108477660940787;0,0121591197096339;0,114441650083921;-0,00866943372166561;0,099973854192316;-0,0962866103591295;-0,0308656687054467;0,0661407940097698;0,21345941176615;-0,14118457718564;0,155882700495281;0,319449517143308;-0,0291589956537269;-0,0381164350247534
"Latino";0,0504492731397721;-0,103018382390486;-0,0284062319893617;0,00451606791594674;0,100675500842212;-0,0927761822840273;-0,00374091384995261;0,0300684111353812;0,0333270462764198;0,0490664264531824;0,0879820692941469;-0,109822000324286;-0,0834573581174939;-0,0838918112075248;0,0349021457156824;0,457738257320461;-0,0858144223505267;0,00611392102628047;-0,0156665689784477;0,12835638678229;0,0281456449397596;0,223896255666577;-0,0624476499726438;0,109159733515227
"Opera";0,0502998575454871;-0,0115858714442431;-0,0297867669818127;0,0369661655797454;0,773774572567569;-0,02039802258182;0,0165696045894946;-0,00350278969203928;-0,0107608180381482;0,0376787006235262;-0,00809639371324438;-0,00363836019402286;-0,01795690962528;0,0235084203953584;0,0730947049695627;-0,0262199113726186;0,055020615105817;0,0254468162136405;-0,0140366067127147;-0,0569000860178516;-0,0533828102349433;-0,0313294318861569;0,0207665713765015;-0,010277421672779
"Horror";-0,00641812687787815;-0,0661760733789478;-0,034255225196474;-0,0309636946911437;-0,0094949609198085;0,0384012174693279;-0,028545788586132;-0,0144807544137539;0,00318609156285483;0,0578097677862888;0,0106390173302786;-0,0188127920703157;0,00918414926319601;0,781324390847078;-0,0282278064567841;-0,0634339063966037;-0,030320266829968;-0,0542082380592032;0,0200407016557492;0,0993559648039373;0,0708452161016228;0,0546463389817812;-0,0207458616917836;-0,00188350274448147
"Thriller";0,0410809097039605;0,101697578941002;0,0435957884916658;0,0104584412470917;0,045164430530054;-0,0890010474163327;-0,00759372878090927;0,0517067473308841;-0,0354106744950039;-0,033891315128815;-0,0469220969401537;0,0277348305124378;0,0179111004746769;0,697758520169101;0,051363279880279;0,11097100688263;0,0378286307737705;0,0309304221605579;-0,0116859984304142;-0,107169159072912;-0,027251154176326;-0,0548636598296286;-0,00134525060815658;0,00869389157165027
"Comedy";0,0303965180980622;-0,0238429693272311;0,0204022408778577;0,0481339290535954;-0,135737338761552;-0,0150749761346969;-0,041581769581111;0,0667033293258598;0,0163445400495054;-0,0225856755054686;0,0209619063186475;0,0992285630881512;0,0261527637677431;0,0625318746002019;0,0174867942326141;0,0299660650427226;0,0969219580894345;0,0812120093540321;0,0288329012465832;0,611422106584069;-0,0745569071042767;-0,0522113436166669;0,020623915717502;-0,055549923068161
"Romantic";-0,0406223565327822;0,0140533352307388;0,187258548195874;-0,0827504461427149;0,0736597261604995;-0,0265877312295406;0,135350563180342;-0,0735456296427286;0,034389562287515;0,0670060842386775;0,0576203352328971;-0,0280463699315089;0,0120787306912573;-0,0563503807699669;-0,0155483809589698;0,0635107165390502;0,017149678387966;-0,168690194743529;-0,0113718402865937;0,458034225199226;0,103929306913735;0,0138400484656141;-0,0212837834980031;0,159410646185799
"Sci.fi";-0,0708024648363088;0,117283391994381;-0,00440831238985288;-0,150777476424217;0,166351806757801;-0,0184962812560695;0,0462927197120272;-0,107380884636089;0,187440766539184;-0,0680440552441646;0,0291492488851616;0,210590067586624;-0,0383609868954654;0,1442571521783;-0,0335247517240407;0,0956225977410296;-0,00354912232620279;0,187957568354321;0,0305291518013431;0,0491090942920502;-0,0460056639579694;-0,0567217772461533;-0,0151995975576225;-0,134163766590224
"War";-0,0590519568478928;0,0499687314825367;-0,00797549631176736;-0,0873693201876591;0,0602969182319935;0,0810831571256513;0,0804234806182167;0,16677787752022;0,123479219410307;-0,177904148194922;0,119348012442723;-0,0330741298100608;-0,100435157793335;0,132924502077851;-0,123717100051028;-0,0799676411048768;-0,0367558542422399;0,31720269290812;-0,0106791228853633;-0,0466182318267658;-0,11946310782819;0,0618378376690995;-0,108714790708855;0,0789352187133729
"Fantasy.Fairy.tales";0,0861025260094452;0,0723988963579699;0,124048788668916;0,0684734897143953;0,178466665681747;-0,0717189588772722;0,0143010177234052;-0,156217062385116;-0,0923426972512352;-0,0186231445049795;-0,0323971872252828;-0,00815888007036839;-0,0269255915792902;-0,0466963892483231;0,028312467209193;0,0423980570310005;0,0249895424107362;0,165997313922667;-0,0572857712685972;0,368581271837087;0,0501654738461396;0,09184417864207;0,0640487072362751;0,0221757901586332
"Documentary";0,0961018132340539;-0,0234106708033707;-0,0336829278071178;0,00553050396972905;0,105752425697922;-0,0628665175412722;-0,0222718909851994;0,0982034334502475;0,0469818016263995;0,115797908595226;0,0487280266789854;0,0487896415926087;0,0115336548088955;-0,0549882938884356;-0,0547644585562562;-0,0551571180323078;0,00290341972322243;0,552441335821835;0,011197836483161;0,0327283495925859;0,054016741334577;0,043091697090186;-0,0393591126680938;-0,0157824227403501
"Western";-0,086092525943199;0,0988551471994158;0,0560278269739299;-0,0580935504351289;0,115458672546617;-0,0279805149897852;-0,00781764456878531;0,0361999444056167;0,185293021342446;-0,0879724979642598;0,168029387319577;0,0705515188867974;-0,104627109909487;0,0226867022462531;-0,0689790195097872;-0,0190064352928933;-0,0128187831705459;0,237598889738912;-0,0655587141424997;-0,0331663811920147;-0,172478308593551;0,160213416077281;-0,108514605092566;-0,0481884286671297
"Action";-0,0971515660677469;0,0579650014525878;0,0611567944552439;0,020680598785313;0,0695657633491237;0,00995928692061047;0,0365772321901376;0,0554649222833785;0,00183980133595944;-0,14198272413021;0,102634598228915;0,264899213049032;-0,077602791053477;0,0944163550542927;-0,0318542809436616;0,118128038710298;0,0856866802352889;0,275882176775164;-0,076607874312394;0,0181673399002752;-0,138459124486283;-0,176061539365161;-0,0160669051178721;-0,10639825817991
"History";-0,0349045588363912;0,0225234510848469;-0,0453667595512137;-0,0228550257016302;0,121372730907094;-0,0149707674309563;0,0393695007889745;0,426780596020822;-0,0309567682223862;-0,0029610911728174;0,11622984654783;-0,106211508750768;-0,0145911386754049;0,0262806629781404;0,054790279265648;-0,0864767264443101;-0,00843501894283215;0,326998704686021;-0,0117503342358988;0,0247779952856931;0,144125150503714;-0,0261536083724871;-0,0234167510048901;-0,0287713598004397
"Psychology";0,0818084414232653;0,0163142906084697;0,0192655998658449;-0,0725091660331742;-0,0319908786566895;0,0152444782629706;0,0565246804247342;0,155661768503028;0,0947701430508187;-0,0417627580744575;0,0147211481816986;-0,0572333149859383;-0,0678395513391938;0,0561584031312234;0,114854503970904;0,00941178713321738;0,0821636860344495;0,0489353976752901;-0,0295049020694373;-0,000260845945525801;0,511851000017198;0,011682132659724;-0,0613954958501678;0,0326409495266518
"Politics";-0,0575591562875034;0,0100159878262611;-0,0656903203249982;0,0404503776825445;0,0283102611504785;0,0525354214105282;0,0573798301931383;0,687875950197731;0,0917981922473946;0,0224662088177547;-0,00323488868517349;-0,0129279824529266;-0,0967713289995571;0,0622877538702132;-0,010335287697794;-0,0412678076281162;-0,0407535906475832;0,02751059706742;-0,00269393683200377;-0,00881877008069764;0,0269048634116877;-0,0353151725183559;0,000194492414887497;0,0454834059710035
"Mathematics";-0,0334123228933896;0,0272071229881287;-0,0412358494949277;0,0169405485508327;-0,0462269136417512;-0,054493805213217;0,0437640712961036;0,0233934317329289;0,694413056867075;0,0477831071478288;-0,031138953799855;0,059726870423265;0,0158322201903715;0,00749335494383189;-0,00448602220514147;0,0431333494020641;0,0474860231946815;-0,0534502085814101;0,0447522540341658;0,0611609258586543;0,0219173570540439;0,000279398021937896;-0,00893369003727985;0,0097957083537344
"Physics";0,130625493336996;-0,000970573943298662;-0,0297194665192378;0,0465971436580837;0,0322868073926526;0,0423096994638327;-0,0308609449167482;-0,0208513658838638;0,779795861330269;0,00987644287064832;0,0136744691845411;0,065653243534172;-0,0267460983301829;-0,0216246946033367;0,0208133365780675;-0,015283879531634;-0,00804194527858458;0,0365075108552322;-0,0374535614109283;-0,0330957486568059;0,0226429880694269;0,00556937788351643;0,0269064017394485;-0,0101689778057528
"Internet";-0,0712365414378722;0,0352121934917661;0,0848213324885534;-0,0229444081747126;-0,0453142428614615;0,0176739974214419;-0,0116539559459029;0,107861305101333;0,0890100150060651;-0,124642904481998;-0,129971388649761;0,552033274906801;0,0458132603028081;-0,0418355146967761;-0,0844462953549985;0,0107449075260658;-0,0235716700641637;-0,0380296425437076;0,0492643299495192;0,111161431718955;0,0714943695271729;-0,0174568027629906;-0,0723309047610977;0,11365180573223
"PC";-0,0565654156871346;0,00822242978081724;-0,0532413339206874;-0,0386033666526166;0,0237700208674431;-0,026125100623792;-0,0452651811682282;-0,00917718409141595;0,164770107797414;0,0547565734985957;0,0298161976445881;0,662755977709042;-0,0156558380524159;0,0995766752584789;-0,0353438436617081;-0,0385599142968144;-0,0201302116643635;0,00497838221992966;-0,00306747227045798;0,0206877203077067;-0,0406474093430288;0,0253075987638299;-0,0311670003927828;-0,0365577723286072
"Biology";0,863951229498969;0,00833275545679631;0,0331373404199938;0,0110511523826789;-0,00171612933292108;0,0132726186653464;0,0210658498921776;-0,0389925405685548;0,00319771076154321;-0,00894979492640045;-0,0027839815998284;0,00219743112994874;0,0473774865830472;-0,00337028564655697;0,0151965562109346;0,0191560784979055;-0,0108233333729727;0,0295246518295111;-0,000951673847544032;0,0141795674422441;0,0390296641794355;-0,00940787102189695;0,0321972205953384;-0,0237111398929475
"Chemistry";0,753766227038079;0,0324167840573906;-0,0132674113804181;0,00352242618617136;-0,0130520908654782;-0,00503512512717414;-0,0127128090508114;-0,0626733755083869;0,127311870966149;0,0486970613911561;-0,0280950720987575;-0,073084391079215;-0,0230505876254735;0,00079507463347825;-0,021227508966999;0,0202060878569663;-0,0343228395016289;0,0477973205596784;-0,0138379271908279;0,0262370372629665;-0,107582340891119;-0,0341732357583257;0,0191589926657676;-0,0278707100811976
"Reading";0,0618917633878036;0,1521519881162;0,0156035338578027;-0,0558518350952516;0,182860437785005;-0,0663419301506765;-0,0189570298922436;0,168626784655131;-0,0671596995620935;0,0573749434350604;-0,0806620301402477;-0,167546521540535;0,0626961710609274;-0,0861554937459615;0,304707688910416;0,00474567939974665;0,00193782500292625;-0,0293330759944055;0,0727893771983685;0,118958476668195;0,16842821556047;-0,0433003411129333;-0,0271204019682509;-0,0762734213715939
"Geography";0,0617929387069693;-0,0326673153352135;-0,0493754852002165;0,016160394993493;-0,00353730477563571;-0,0571048182056089;-0,0284289892336013;0,395168920380874;-0,0437075195224678;0,0577704550757102;0,153275082772426;0,0715998052234026;0,170423562000341;-0,08176574168142;0,0387865128685465;0,0071632391880497;-0,00053855533707755;0,0601562320110561;0,182435405585078;-0,042851977818777;-0,0294915740077176;0,0623667550288049;-0,064147560605196;-0,0495145761612501
"Foreign.languages";0,0275478407460457;0,0880691018605784;0,117016007337151;-0,0960793808838282;0,0359321496250733;-0,0340892587793673;0,0230727939466396;0,212784900899093;-0,0899989784472572;0,12834614278995;-0,0584644645671235;0,0479805481137386;0,0808298506984891;-0,0826027560406455;0,0632867978223252;0,0445061490433152;0,000816065511468252;-0,0201448278579731;0,327819433771913;0,0487905645666867;0,118337147559845;0,0822921311314963;-0,139554978954938;-0,0224097092709681
"Medicine";0,834809085927411;-0,0123778593855447;-0,0324158123561833;-0,026661843043718;0,0338110169913666;-0,00662873788174678;0,0129054129921915;0,0657675450103204;-0,0304953810017079;-0,0282044676591999;0,0311790845535617;0,0304898011949203;-0,0182686080318794;0,0214194333020299;-0,0290602114668466;-0,0412471946544594;0,0117508135562432;-0,0656124013957528;0,021049610230334;-0,0245248738822639;0,0327895964585758;0,0192345472846789;-0,0450141631625545;0,0497922396639775
"Cars";0,00877886874671481;-0,0357082729051857;0,00876667600573265;0,0922167262309251;0,0120161774302173;0,106761831218639;-0,0225823531030508;0,0826026395563096;0,0838631701837836;-0,10749457337308;0,227913843095747;0,267526054791569;-0,0121845881901084;0,0869185343254856;-0,047195218328223;0,0380417662695671;0,0729875726767335;0,0551977785824561;-0,0135874715975739;-0,0388065083789427;-0,231228030054112;-0,0115405523497178;-0,0285974586086602;0,0129611456666583
"Art.exhibitions";-0,00165423699074465;-0,00188925639414438;0,156417573395843;0,0238318725836708;0,167286021472396;0,0144317964225684;0,0497434392544759;-0,013919263599394;0,00339367643593692;0,0944477384620059;0,105958032604466;0,0321869737951726;0,0663265955335913;-0,0358379572187273;0,429780961890956;-0,162123778149438;0,030365358155885;0,0133861700926681;0,0985895787138913;-0,0519893707872776;0,198768734168483;0,170376358357841;0,0596271905701418;-0,102207669547084
"Religion";0,0712426659446054;-0,0163545541908299;-0,0408994962350032;0,0418558369648638;0,0995806105281802;-0,0937317218869775;0,584213973223121;0,130476583569554;0,0753528795636187;-0,0219124181056738;0,0337022894399205;0,0572436249792227;-0,0133406416593237;-0,0223209560205331;0,156822054519102;-0,0304569815572245;-0,100580456741591;0,00260199684833548;-0,00332215639359158;-0,0902597844105751;0,101452837815007;-0,0798249569626608;0,00292502698465218;-0,0198837137133746
"Dancing";0,115950653569304;-0,188857428868905;0,0854511220806748;-0,0717112741516241;-0,0684346045843628;-0,00468063893291789;0,0791907365513857;0,0490484453451728;-0,00631260698847973;0,0469249813461748;0,324507225198338;-0,057139382437269;-0,0427561282024492;-0,100304135605556;0,20722622875088;0,16236318066132;-0,0750572117854663;-0,0843059554977717;0,0480794660488395;0,0997581414310443;0,0445111550905882;0,201182781799495;-0,056077590869525;0,0493362317650307
"Musical.instruments";0,0630423571210959;0,0222241473656874;-0,0220734516725344;-0,0867024640555537;0,179364902295711;-0,0483971537243206;0,131951967138404;-0,0540973251348188;-0,00502080301107191;0,0275059313133305;0,158206891358504;0,145305972869159;-0,126370093644367;-0,0169461289506762;0,119749726532517;-0,255447054927943;-0,00512857897686545;-0,0805605366607685;0,00460459204276573;0,0773925291249214;-0,0152012647305745;0,286596250140023;0,0673844531417909;-0,0148553461848404
"Writing";-0,0164169793358995;0,0100623541312146;0,0815686220923545;-0,198882843536266;0,0539779635873102;-0,096486875071304;0,0628211564321648;0,0846041577207212;0,0176002453583484;0,0410824408149162;0,114701143348268;0,0458153369324233;-0,103834032558579;0,0224321530389673;0,189186934224023;-0,0970389317655977;0,0161560011063908;-0,0624561464053971;-0,068688026883261;-0,0200041879409906;0,262552513652164;0,12316189544964;0,164525537982264;-0,159741050603755
"Active.sport";0,0384615064063689;0,0519458029308003;0,0307436691824013;0,0138069660329541;-0,100407994507035;0,00712042715812179;-0,0653110202073434;0,0619561973393964;0,0152853425443444;0,00120489354722337;0,651870810959277;-0,0316925566680007;0,00572899522843256;0,00533049915666184;-0,00250454936018402;0,0412079996705321;0,0387361893527304;0,0661436476324345;-0,0359431183596936;0,0358362867002186;-0,0485265867552176;0,0161758503799893;-0,0449914944790703;-0,028912646225671
"Celebrities";0,0250784457993266;-0,0255761587389163;0,460963308358216;0,0598901073496038;-0,0404506640622016;-0,0923967360172443;-0,00154759144686687;0,185916426313798;-0,0861881575144423;-0,119305990700033;-0,0168664877574063;0,0859830837567673;0,0827432591508032;0,0510598944799704;-0,059626184852359;0,108090259866188;0,0760716932112973;-0,181729590029626;-0,0898688415588439;0,0717635815133338;-0,0467411310749862;0,16643059285781;0,173707420721111;-0,000585750113276357
"Shopping";0,00512057725524862;-0,0284058238806011;0,799638085408187;0,0311199224869316;-0,039162373656669;-0,027575587345905;0,00445416076611372;-0,0757152526643451;-0,0558144947748998;0,0109970964849069;-0,00172424630250312;-0,036131466048294;0,00730938380540185;0,00405675745029087;0,0710694069734684;0,0327112408380065;4,03808984696368e-06;0,0149670137507969;0,043934835631726;0,0590820057861069;0,0314635455362967;-0,0148308892915574;0,0267066761110018;0,0356279075036696
"Science.and.technology";0,184678832846864;0,064072836807206;-0,01088291914486;-0,0107331723223796;0,0519636689888245;0,175618083753369;-0,0877759106736696;0,0157559488697931;0,162511729459402;0,118217115227278;0,0308844267710419;0,383087859909633;-0,0391221561788125;0,0187597373650814;0,0365331295280705;0,067040703325435;0,0354400366201035;0,210992983394401;-0,0218345595211775;-0,117149246029639;-0,00359668829495689;-0,0278755020972684;-0,0243956226786815;-0,0963188906127321
"Theatre";0,0200536183182232;0,0204129596992331;0,0746305206572218;0,0210272651088963;0,228236380084464;0,0787042852086532;-0,0364876745725075;0,0495971209622557;0,0360988144377449;0,0129607994201168;-0,0105216735155052;-0,119648671882344;-0,0228201069510682;-0,0324567759466239;0,61370621255468;-0,0151380093500671;0,0514370924315934;-0,0549366264031442;0,0168194882289309;0,0509816750925528;0,05734080520235;0,0134941148316738;-0,0414459318062853;0,0716035113351518
"Fun.with.friends";0,00965535341389151;0,0243428924252432;0,00330802479974832;0,260757436149684;-0,0364677772638031;0,195520479387065;-0,0221440776669478;-0,0171055543262553;0,0275579985199654;-0,190147000373063;0,00516348478999619;-0,0354791755417599;0,0287297994564539;0,0477586101000202;0,168727158978477;0,0319854004389025;0,0812323314354063;0,0408525715211802;0,267602259295818;0,212019336633104;-0,026486344289318;0,0757915937959958;0,102021999795991;0,0143124764214031
"Adrenaline.sports";0,0261724058929549;-0,00244129404723305;-0,00211655796411564;-0,0398512852794859;-0,0735227555759517;0,126479714174788;-0,0574188858366564;0,00694413721660694;0,10726953660057;-0,10580143288239;0,447703217046231;0,0146744890689044;-0,0100151399765961;0,115118872251232;0,0401952235313947;0,0579519404142411;0,0740539633749614;0,0292768521385625;0,222110464622457;-0,0893347720773705;0,0285286755567811;0,00740943181125347;-0,0087463435019378;-0,023543657514512
"Fear.of.public.speaking";0,0228830720902157;0,0674994045644847;-0,0232893196287805;-0,0292549784022077;0,0275426719216059;-0,0444353484858567;0,00924563761532887;-0,0498313225985783;-0,0167435171050738;-0,0478492735699963;0,0606596564326631;0,00180425241931945;0,686436816274681;0,0167016275400019;0,000751332282693408;0,0393657254746706;-0,00677266020578524;-0,0203139556838392;-0,0395708902777116;-0,0137273220625605;-0,00749538626312563;-0,00243394246467903;0,0366475665974115;0,00186856542339254
"Healthy.eating";0,0974228512085819;-0,0106326180188638;0,143027799658261;0,0167352160490442;0,06350613587557;-0,0567373843565969;0,0453179506598707;0,00478847553513531;0,0283996747927164;0,165315983649645;0,172566274217035;-0,0212450200468658;0,0883128955094834;-0,0375074250196736;-0,164056626231326;-0,0642755282636749;0,169928536176766;0,0167807584392774;0,180890710281486;-0,0265505369561265;0,0742766001246165;0,0316112000301097;-0,113470584572487;0,141502554844908
"Daily.events";0,00976639975178638;-0,0123526402730136;-0,00486162729823163;0,0436387651359789;-0,0231376609684397;0,0345690296743273;-0,0392351251424954;0,556077582619735;-0,134091244417229;0,101804602740279;-0,0212727182467872;0,154196564007334;-0,0535679784148774;0,00790799041683372;0,0423617367326582;0,0547415313945312;0,082457144346185;-0,0174122993061966;-0,023910959361583;-0,00713006108036273;-0,00564293312598374;0,06846919451627;0,119150674588072;-0,0435677623282896
"Prioritising.workload";-0,0152682021647192;0,00866618103703518;0,0371576047919935;0,118271768882479;-0,0558428990511604;-0,0766518184556562;0,0158300191654687;0,015414414429329;0,0543832909677878;0,593901281166373;0,0610509544754093;0,00961961140504567;-0,0515242480309483;0,0608552534320761;0,0493932764670743;-0,0541539854143703;0,124145559874192;-0,0367861584294021;-0,102409602270528;-0,00675797009948228;-0,121232176484121;0,0184145181914667;0,00812086769530208;0,156081864202811
"Writing.notes";-0,0164160504555533;-0,041520391321129;0,0112689579960351;0,0522426297757015;-0,00143138378846044;-0,0204222257491193;0,0589171972858965;0,0350199215111162;-0,015504638446245;0,441740656512336;-0,0164638658004831;0,0229602089862417;0,0173665018953394;-0,0654347852208301;0,0791836589720494;0,0339433015243362;0,0890110072057693;0,0110969179063822;-0,0239472995637264;0,0601899540260342;0,0555611213639286;0,10048862195477;0,156214020820163;0,091376372615241
"Workaholism";0,0742419450459434;0,0432475602764434;-0,00262726615786068;-0,0185715948312244;0,0799897456541605;0,0359058547722358;-0,0037681759631168;0,0688569913653395;0,0448908441059508;0,670028455209462;-0,0310804860416413;-0,0162584825906942;0,0190775427977014;-0,0193736598405873;-0,0324352961805612;0,0553094202291037;0,0304917729784558;0,0698433589530133;0,08755039419573;-0,00993571836364593;0,0479184304953822;-0,0274480488474682;-0,0185742322112286;-0,0819631677549113
"Final.judgement";0,0514055293469876;-0,0123196690504283;-0,0430617973574343;-0,068628453250666;-0,0428117868719663;0,131952295372078;0,602663042366159;-0,00462843106764361;-0,0560908697436252;0,0156361331974273;-0,0720613310113119;0,000994791103014824;0,00555514032904207;-0,00997724361640864;-0,100911544193978;-0,0304625955911474;0,175149566930391;-0,0371104983469815;-0,0140531447127795;0,0627132279622914;-0,105023933594084;0,111405684175038;-0,0923202303821994;0,0152099193762797
"Reliability";-0,0413650169388637;-0,0524908962501486;0,020001110740183;0,0568295062145429;0,0960514440151419;-0,0505941899347579;-0,0416126245640776;0,0187135864500579;0,0514795307312759;0,1252348871084;-0,0356589623623021;-0,0376769250926272;0,00601443633133533;0,039999993071301;-0,0146683356884697;0,0209573027928973;0,589264495312883;-0,0013041579177833;0,0145309023961768;0,0539316701345501;0,0619139113509211;-0,0262494082905432;-0,068115562106565;0,00733041444963971
"Keeping.promises";-0,0308639671829659;0,0218695502760199;-0,112801437551133;-0,0699592723797131;0,0287619909289762;0,0626021275628277;0,0350756235039751;-0,0380890839736313;0,0280523492768423;0,0399943803912812;0,105292777069396;-0,0424588084026365;-0,00241230710461448;-0,0386828378012311;0,0316255590181895;0,0197634459431518;0,557369259217267;-0,0298173667562137;-0,0128543622878486;0,0783807468573916;0,00353119338585471;0,00173152588766545;0,00550127444765073;-0,0169218524026709
"Decision.making";0,051323161306956;-0,0456851430502587;0,0501953565378719;0,0152279274550702;-0,0499091149688101;-0,0225527551100766;0,0507043612067236;-0,0832732014884748;0,0386919205266246;0,0536467414202692;-0,201248252652782;0,0355483630589769;0,155646966347163;-0,0444884351542565;0,118480617300463;-0,103870867803614;0,183952772394344;0,203675810101344;-0,0493480288273953;-0,0378613169251764;-0,0997696658127333;0,125335213823912;0,051926606531388;0,214183953043693
"Self.criticism";-0,0169707980996601;0,0270015830681528;-0,0323224310733167;-0,267168653513576;-0,0099006188548672;0,00613713063212261;0,0234923056695266;0,0218677637744668;0,0455525940625553;0,0356905433914928;-0,147008877314359;-0,050647038746936;0,0461226552902576;-0,0840153853772494;0,11186782671707;-0,00228142364414109;0,205086833327347;0,185247784986595;0,152292472702878;-0,000941388309218149;-0,0289930400713499;0,0523771877392233;0,146400736602848;0,0429000252617772
"Empathy";0,0530729995998112;0,0548138481969607;-0,0539644124028163;0,0426270170486886;-0,181413690677934;-0,0651990506331506;0,0829358416845552;-0,0881833908888264;-0,135141647587287;-0,00409578893251595;-0,0710471996482268;0,057579257571493;-0,115577792728187;0,0474181681609121;0,221298942208482;0,165625190850464;0,0882847763145822;0,178752382622054;-0,0382652132977336;0,0292315338710425;0,233237971423977;0,0646302889319131;-0,0346819717551671;0,181792307463178
"Borrowed.stuff";0,0757771583730899;-0,0137399871949011;-0,12011643475669;-0,0320879535661568;0,00178601337659803;-0,00931823000840507;0,0083911592767536;-0,0412599248418083;-0,159712652546612;0,0296692368750429;0,0314902151272858;0,156818117680049;0,047578058075811;-0,00706597076926664;0,0873811367878086;0,0414431080236494;0,340399568636906;0,104716608018625;-0,0565179043153035;0,0414027671239034;-0,0017690450328476;-0,028348280834223;-0,0147112886775821;0,143968469722293
"Loneliness";0,0272615609287835;0,0508205711443587;-0,00552557878409206;-0,626356106839992;0,0133561686667346;-0,0791760875004528;-0,0223820082626626;-0,0198540592438411;-0,00903970739293184;-0,0635711297661145;0,00801953651334526;0,0559453414512736;0,0511345258412031;-0,0418548483685677;-0,0712950514765187;0,0403524719176109;0,105361563552143;-0,047857896487528;0,0412124052549822;-0,0768957844783298;0,0973871629765065;0,018467716401802;0,157782956567906;0,0373135169782641
"Cheating.in.school";-0,060807047482369;-0,0133865539399142;-0,0422839304189028;0,14055332685265;0,0407737256171638;0,106626265317333;-0,0710629154232755;0,00959062857089584;-0,144833448247773;-0,266143312620075;0,0927491959264428;0,0399630104513933;0,143567810046807;0,114291757074472;-0,0574173682681706;0,0224459906850575;-0,179869628509956;0,0742323288727835;0,174888009467536;0,0465312525682686;0,0298642252638876;-0,0189784820997159;0,130659549646956;0,120619056307019
"Health";0,0588289372528265;-0,0210935554915943;0,0361693714267639;-0,0229829553285012;-0,00292447344978731;0,0869498664209318;0,0291261600449592;0,0838263856292414;-0,0505627639388904;0,0621596072408347;0,043535465302153;0,0940095412696331;0,165085794584276;-0,0173713575344955;-0,0264664229407211;0,0102482456508782;0,0590238958593863;0,00357087905753487;-0,0247046260732309;0,000743317486942615;-0,0244424761237742;0,000182747568526369;0,134707638282994;0,42664180228371
"Changing.the.past";-0,0427711266378859;0,0248277543694801;0,0272829851583318;-0,418916307737122;0,0385908112757528;0,0788486755691927;0,0849658898659279;-0,0344425008548126;0,0337803269185332;-0,104639317616187;0,0716161102660523;-0,0356237287665633;0,0884400084639455;0,0899247971575134;0,0466612633246539;-0,0368090748748313;-0,038190171031021;0,0220787013318576;0,0790759964587919;0,0364558502591857;-0,154563771643724;-0,0279242564048166;0,186847613222464;0,125203169241708
"God";-0,0122654110657933;0,0096380303612841;0,0345202137689716;0,0283411949330786;-0,00702727352503641;-0,00304734573194395;0,811326884375379;-0,0254607353037259;-0,00481891568932244;0,00524709063922636;-0,0259013672697196;-0,0488313844946035;0,0176816941878172;-0,0250824840010226;-0,0438907270217026;0,0620573577141352;-0,0363672469553082;0,0162917362263522;0,00797477611836594;0,00986552004519095;0,00572393593444513;-0,0399372415061598;0,0235774028147936;0,00145261507540562
"Dreams";0,0371164908493837;-0,0593908987105487;0,0791238821792166;0,216208069206658;0,0648196760398678;-0,0572071231841462;-0,00493560980919321;0,0664867214279582;0,072117637283016;-0,108736562947598;0,0094055491524182;-0,0358467700466026;0,00808162107900603;-0,0720944459661171;-0,232485585810761;-0,0682804666419767;0,11854836168882;0,0212282985229463;0,0810188640631874;0,0872535331786919;0,0559782814455447;0,0419618465121668;-0,0617127292539071;-0,0939854505060996
"Charity";0,08331901492672;0,0136161541270356;0,110454960995889;-0,0478407057579932;0,100999767030113;0,00666406759433685;0,213732394964787;0,189549762808507;0,00581156357265116;0,0231429320200993;0,112767216984176;-0,0280939196228263;-0,0359543565187732;0,02728873502368;0,0601140995274801;-0,0489236707565301;0,151616425954809;-0,0848315453251841;-0,0065361212784627;-0,103403728495709;0,0232128493581909;0,0733960575603378;0,0516838445513451;-0,0806978310749672
"Number.of.friends";-0,0289324904336648;0,000827258288256841;-0,0509203809182528;0,35614525761853;0,00334639936773088;0,19487362316234;0,125790246878075;-0,0518652317211572;-0,101633646012706;-0,0244260949728987;0,0958640367473233;0,0560840520216715;-0,181910543435146;0,0448189006511505;0,0104429209293334;0,0282851426046249;0,0088840455914464;-0,0700935133548545;0,197280117833057;0,0442675341432758;-0,000432857247303884;0,140782169975887;0,100196276388726;0,0251368711316392
"New.environment";0,0156457299501086;0,0124043032788512;0,0438965783935433;0,0643441185898317;-0,00778482171343857;-0,127206517498157;0,0016775091678787;-0,0156476356715771;-0,0354021134099239;-0,116803854715423;0,0246702932801301;0,0744929299688594;-0,312118955313172;-0,0321887277335483;0,0194441075960758;-0,0147769044225962;0,0242741316623937;0,00140675409755068;0,427535215230681;0,00335134235908448;-0,0551877589164504;-0,0755481504184697;-0,101992567734038;-0,0656938246799708
"Mood.swings";-0,00933976900924456;-0,0513819376914128;-0,0487582998224305;-0,293301605721515;-0,0154687584444111;0,0150454991010754;0,0070547522221998;-0,0118430319574869;0,0713034996877203;0,0498410381736006;-0,0378160877650141;-0,0879852302535026;0,0606126312944351;-0,0888505523817275;0,0220723464416426;0,0494716755064132;-0,0384181157401344;-0,0278989670642483;0,0210724531952694;0,00783089245614864;0,0847835412309445;-0,0316444354436978;0,442291099935448;0,0482036409699139
"Appearence.and.gestures";0,0510777400582205;-0,0342884375421513;0,268792126370818;-0,0475627638066965;0,0385108016623317;0,155194503874165;-0,0329129466306584;0,0512077611330031;-0,108397195689425;0,024443281912915;-0,0685452147746313;-0,0264246474669015;-0,117650409109157;-0,00255123682714035;-0,129055602494899;0,107060519056036;0,0835666306736735;0,135494442403155;0,0463736358355411;-0,0608869087099183;0,165816429256583;-0,0568452888140121;0,127226712402598;0,170996991698294
"Socializing";0,0333119472919116;-0,0552656555372563;0,076177172649775;0,0187671885113624;-0,0681174588795801;-0,0072973496178509;0,0296686794857245;-0,013550808467677;-0,00165869026554447;0,0523118070999639;0,0660101192365758;-0,0292875447222034;-0,293395718294223;0,0826932534958763;0,0329970485708549;0,0314128679454507;-0,039819007579157;-0,0171121649369109;0,502450632153382;0,0178836080035037;-0,0476582996778491;0,0480859833639626;0,0532667705387704;-0,0206779300875913
"Getting.angry";0,0239933711893875;0,000974000486906264;0,0644364591190701;-0,104906891837669;0,00648837116699946;0,0266160875923045;-0,0530475152503176;0,125648427938957;0,00524252609199579;0,0204734827972649;-0,0507746218492575;-0,0945962878482977;-0,0203833710303035;-0,0404269157849603;-0,0864057277111041;-0,0177962740223622;-0,100539546936644;-0,0272804466538597;-0,0367007027638873;0,0434240421929975;-0,120033141433109;-0,0267324517883521;0,502320880702775;0,0811313811146326
"Knowing.the.right.people";-0,038180153618717;-0,0337343079606165;0,101441797492429;-0,0135152330793297;0,143453125819958;0,225620597353182;-0,0759856379432436;0,121199991499058;0,0478998927922016;0,136736443067452;-0,0490160626785969;0,04223966646022;-0,121728616957303;0,0212984507265358;-0,137917154856242;0,0939185718093888;0,0125006245878706;-0,0316486862411889;0,247055225237071;-0,00685953110025945;-0,0300906859154812;-0,000911155688083802;0,118621463809593;0,163405885150502
"Public.speaking";0,039819913100371;-0,0486129201776581;0,0431399679526565;-0,0248155256928523;-0,0268162529759091;0,0360694898339219;0,0289240168735153;-0,0735479353356902;-0,0369261327150359;0,0471497468284398;-0,0681751252062055;0,000724203393942351;0,566791532945457;0,0215456354280225;-0,0052100461992151;-0,00897143950299364;0,0323615983510828;0,00731953587204696;-0,0755458408694284;0,0667168454455557;-0,0510817443339535;-0,0245036905607859;-0,0499838766275329;0,0751776216936925
"Life.struggles";0,0668716992240012;-0,0127380221732469;0,110805047595307;-0,0805954771064173;-0,0275617425950454;-0,148883285977863;0,0228442454017327;-0,0963636006582995;-0,0506679481777509;0,0249602795810038;-0,0577482104942134;-0,0911172286576718;0,0479683538202779;-0,0461724729435471;0,134162531575843;-0,000186471447494135;-0,075310323111046;-0,0346332752409114;-0,0809777103075125;0,144483379068886;0,204458501961214;-0,00448602107478997;0,130227120068284;0,350848266304328
"Happiness.in.life";-0,0443433967495759;-0,00268079491705741;0,0311621209034184;0,662659362088749;0,0239756754381207;-0,0192040378258924;0,0224280831760476;0,0480033410354725;0,125121524175017;0,0235088107290284;0,0123670083722325;-0,0216870262684819;-0,0215194708520367;-0,064045938092142;-0,0259638231194605;0,0749271643420921;0,0771160350824422;-0,0203945295942111;0,0726634894406459;-0,0343196998675103;-0,0118353933921303;-0,0242441919715308;0,0131164366624478;0,0225663233905362
"Energy.levels";0,0627355648864792;0,077497915492449;-0,00627508515230744;0,372741594492096;0,0220394231499488;0,0478369020475524;0,00681283206588169;-0,00529007488941256;-0,0476591197997997;0,02379510613952;0,302223926120157;-0,019150862536236;-0,187030142742803;-0,0697061048334132;-0,060781043229563;0,037850724577891;0,0476219528645817;-0,053393694613629;0,168752424615954;0,0308652768298072;0,00914287000245042;-0,155773605204252;-0,00181598108519732;0,1161121306732
"Personality";-0,00388571865063536;-0,0493045798303747;0,16100138851644;0,292448659395387;0,00897745776645704;0,0416453119022852;-0,031943904508854;-0,0112436618571729;0,0767099551827174;-0,0825109972393593;0,171138102710813;0,00656428379772932;-0,0826542540142229;-0,0426591929472089;-0,287646948428786;-0,0270982882396744;0,155169467496221;-0,0872354494110891;-0,0279337395022519;-0,0324801767499078;0,176461257008488;0,082045522778139;-0,0479517125472848;-0,0068601042785538
"Getting.up";-0,0209935962373542;-0,0144186453417829;-0,0994056183239833;-0,0627551717454927;-0,00844818602049453;0,259163213359675;0,0150776887973893;-0,0516977797620066;-0,0715799030020024;-0,159720193806644;-0,0750127145203927;0,061079570803827;0,138833889526049;0,0240431825950886;0,0365206392575982;0,00440481226407989;-0,131142547077396;-0,0175883157163656;0,0495512867175004;0,139641562363763;0,159488059855428;0,0629144216030968;0,00296441263012727;0,0249139614976629
"Interests.or.hobbies";-0,0445542087268151;0,0318257304008047;-0,0871553687837159;0,139455805895487;0,111119972633969;0,0631050343666415;0,0496978511220186;-0,0783029104891149;-0,102809917903116;0,151979631483486;0,402371294045232;0,153563591697443;-0,16192832515747;-0,0301606239647378;-0,0557836679328491;-0,0475175092566524;-0,0344224887788233;0,0361271381366801;0,145638338072348;0,0691574615434725;0,185795549797456;-0,0456052633886598;0,0647103001858964;0,0249805148143767
"Parents..advice";0,0844733085371005;-0,00999409181732179;0,130796370331388;0,0721949295154352;0,0403968720666241;-0,168296796989987;0,0730008465166729;0,0877911288320552;-0,0272682992574946;0,0351771246203067;0,0241523132975353;0,0219698437874196;0,0598869687940276;-0,0478900080496154;0,117063219251786;-0,0174182443142692;0,090057637106877;0,0621510505965665;0,0610511512585956;-0,0559706785042951;-0,13509183538044;-0,0230433537869955;0,0621179414778601;0,240690599531052
"Finances";0,0475524004057683;-0,0300274546627576;-0,0236051739792225;-0,039862702564577;-0,0379389537061689;-0,303421203247134;0,0593438049908774;0,064388571317871;0,092164640401403;0,0618473236423026;-0,0615214622084463;0,0579777609650845;0,0516531513431481;-0,0282964045846772;0,0817046736578283;0,0294059455519384;0,197449514427507;1,51368118084146e-05;-0,00802387393979413;-0,0998124390231246;-0,0924078550082472;-0,0496072252058842;-0,134952439719696;0,220717922633287
"Shopping.centres";-0,00323763733885956;-0,0329496801777184;0,671840635756619;-0,0319449871174389;-0,00499152902236546;0,112240327855016;0,0293757030731463;-0,0201681026875041;-0,0060768574373598;0,0527798610821675;0,0104112537188707;0,0491122230474441;-0,0118752024579543;-0,0549954513444998;-0,00382493221814307;0,0501350556161402;-0,0833814939902092;-0,0114986453115722;0,0264593136266573;0,035452961441136;-0,0309942543671635;-0,0501092627934675;-0,0658490158130117;0,00116974443835332
"Branded.clothing";-0,0116707427005654;-0,0971280297264476;0,241519218766022;-0,004907534131153;-0,0167876690306288;0,487401597674465;0,0310767432668493;0,102959368670038;0,0213390092021611;0,0550558834255835;0,077421662546301;0,043709562788492;0,0422307666219043;0,0215522340121811;-0,0459230953951254;-0,0504588336051236;-0,0736561954369654;0,0511725301733764;0,00142322377558936;-0,0482424965164195;-0,0705205270552187;-0,0427991158319614;-0,145632699763252;0,0572857302461331
"Entertainment.spending";-0,0211077489207688;0,0580356223661702;-0,0298709989582771;0,133659189315377;-0,089641753335976;0,595644109251047;-0,00238823377317992;0,0490296995119154;0,0217638077673098;-0,113548984631691;0,00753474905470382;0,00179793964975955;-0,0698619068067758;0,00869978269586824;0,0759513251349508;-0,00572990537012454;-0,00396779035247389;-0,0207258931700738;0,0220374556560894;-0,0280992108015293;0,0371186274612764;0,0539097923417513;0,0833413846693552;-0,0439179135686344
"Spending.on.looks";0,0354815171524889;-0,0296873585885549;0,449973514949848;-0,0184154650504679;0,00777085444848184;0,457699128812228;-0,0048816759694209;0,0103835844040833;-0,108834651104664;-0,00256173455412883;0,0551847552234563;-0,0612098357901648;-0,0866805372980669;0,0327237446514485;-0,0135032872178189;-0,00620471493181625;0,0815935715047576;-0,0230154736149448;-0,0208493636337196;-0,00783549564128711;0,00768432873859587;8,34225402445076e-05;0,0357645504196403;0,0677581594060379
"Spending.on.gadgets";-0,0502820558015708;0,0578845967669176;0,0359024012222876;-0,0444630787479406;0,0410503595315221;0,432919517407369;-0,0323372309365968;0,039608303923318;0,062148372835016;-0,00697605288112944;0,0929562604809023;0,258024963942396;0,0230321024684389;0,0341395617244286;0,0860560927526679;0,0685723618342279;0,0643867765603008;-0,0842676484261351;0,0293290186800503;-0,0436243021541961;-0,158945088814883;-0,109145392042948;0,0307055191880869;-0,0249323976026882
